<?xml version="1.0" encoding="UTF-8"?> 
<beans xmlns="http://www.springframework.org/schema/beans" 
	       xmlns:xsi="http://www.w3.org/2001/XMLSchema-instance"       
	       xmlns:context="http://www.springframework.org/schema/context"
	       xmlns:jee="http://www.springframework.org/schema/jee"
	       xmlns:mvc="http://www.springframework.org/schema/mvc"
	       xmlns:security="http://www.springframework.org/schema/security" 
	       xsi:schemaLocation="http://www.springframework.org/schema/beans http://www.springframework.org/schema/beans/spring-beans-4.0.xsd      
	       					   http://www.springframework.org/schema/context  http://www.springframework.org/schema/context/spring-context-4.0.xsd  
	       					   http://www.springframework.org/schema/jee  http://www.springframework.org/schema/jee/spring-jee-4.0.xsd  
	       					   http://www.springframework.org/schema/mvc  http://www.springframework.org/schema/mvc/spring-mvc-4.0.xsd 
	       					   http://www.springframework.org/schema/security http://www.springframework.org/schema/security/spring-security-4.1.xsd"> 

	       
    	<context:component-scan base-package="com.htc.spring4mvc" />    
    	<context:annotation-config />
    	<mvc:annotation-driven validator="validator"/>
    	
    	<mvc:resources location="/resources/" mapping="/resources/**"/>
    	
    	<bean id="dataSource" class="org.springframework.jdbc.datasource.DriverManagerDataSource">        
    	     <property name="driverClassName" value="org.postgresql.Driver"/>        
    	     <property name="url" value="jdbc:postgresql://localhost:5432/testdb"/>        
    	     <property name="username" value="openpg"/>        
    	     <property name="password" value="openpgpwd"/>
   	    </bean>
		
		<!-- jee:jndi-lookup id="dataSource" jndi-name="jdbc/dataSource" expected-type="javax.sql.DataSource"/-->
		
		<bean id="jdbcTemplate" class="org.springframework.jdbc.core.JdbcTemplate">
		    <property name="dataSource" ref="dataSource"/>
		</bean>
		
    	<bean class="org.springframework.web.servlet.view.InternalResourceViewResolver">        
    	    <property name="prefix" value="/WEB-INF/views/" />        
    	    <property name="suffix" value=".jsp" />   
   	    </bean>

		<!-- bean id="validator" class="com.htc.spring4mvc.validator.UserFormValidator"/-->
		
		<!-- Bean entries for using bundle messages for validation error messages. -->   	    
   	    <bean id="messageSource" class="org.springframework.context.support.ReloadableResourceBundleMessageSource">    
   	        <property name="basename" value="classpath:ApplicationResources" /> 
        </bean>
        
		<bean id="validator" class="org.springframework.validation.beanvalidation.LocalValidatorFactoryBean">    
		    <property name="validationMessageSource" ref="messageSource"/> 
	    </bean>
    	 
    	 <!-- Security related entries -->
    	 
    	 <!-- security:user-service id="userSecurityService">
			<security:user name="anish" password="123Welcome" authorities="ROLE_USER"/>
			<security:user name="htcuser" password="password" authorities="ROLE_USER,ROLE_EDITOR"/>
			<security:user name="admin" password="secret" authorities="ROLE_USER,ROLE_EDITOR,ROLE_ADMIN"/>
		</security:user-service-->
		
		
		<!-- security:authentication-manager>
			<security:authentication-provider user-service-ref="userSecurityService"/>
		</security:authentication-manager-->

		<!-- JDBC based authentication -->
		<!-- security:authentication-manager>
			<security:authentication-provider>
				<security:jdbc-user-service data-source-ref="dataSource" 
							users-by-username-query="select username, password, enabled from users where username=?"
							authorities-by-username-query="select username, role from user_roles where username=?"/>
			</security:authentication-provider>
		</security:authentication-manager-->
		
		<bean id="customUserDetailService" class="com.htc.spring4mvc.security.CustomUserDetailService"/>
		
		<security:authentication-manager>
			<security:authentication-provider user-service-ref="customUserDetailService"/>
		</security:authentication-manager>
		
		
		<security:http pattern="/favicon.ico" security="none"/>
		
		<!--  Method level security- authorization -->
		<security:global-method-security secured-annotations="enabled" pre-post-annotations="enabled" />
		
		<security:http auto-config="true">
			<security:intercept-url pattern="/" access="permitAll"/>
			<security:intercept-url pattern="/userForm" access="hasRole('ROLE_USER')"/>
			<security:intercept-url pattern="/registerSuccess" access="hasRole('ROLE_USER')"/>
			<security:intercept-url pattern="/editUser/*" access="hasRole('ROLE_EDITOR')"/>
			<security:intercept-url pattern="/deleteUser" access="hasRole('ROLE_ADMIN')" />
			<security:form-login login-page="/login" username-parameter="username" 
								password-parameter="password" authentication-failure-url="/Access_Denied"/>
			<security:csrf/>					
		</security:http>
</beans>
