<?xml version="1.0" encoding="UTF-8"?>
<beans xmlns="http://www.springframework.org/schema/beans"
	   xmlns:aop="http://www.springframework.org/schema/aop"
	   xmlns:tx="http://www.springframework.org/schema/tx"
	   xmlns:xsi="http://www.w3.org/2001/XMLSchema-instance"
	   xsi:schemaLocation="http://www.springframework.org/schema/beans  http://www.springframework.org/schema/beans/spring-beans.xsd   
	                       http://www.springframework.org/schema/aop  http://www.springframework.org/schema/aop/spring-aop.xsd 
	                       http://www.springframework.org/schema/tx  http://www.springframework.org/schema/tx/spring-tx.xsd">

	<bean id="dataSource" class="org.springframework.jdbc.datasource.DriverManagerDataSource">
		<property name="driverClassName" value="${jdbc.driverClassName}"/>
		<property name="url" value="${jdbc.url}"/>
		<property name="username" value="${jdbc.username}"/>
		<property name="password" value="${jdbc.password}"/>
	</bean>

	<bean id="loggingAspect" class="com.htc.spring4.aspect.LoggingAspect"/>
		
	<bean id="jdbcTemplate" class="org.springframework.jdbc.core.JdbcTemplate">
		<property name="dataSource" ref="dataSource"/>
	</bean>
	
	<bean id="employeeDAO" class="com.htc.spring4.dao.EmployeeDAOImpl">
		<constructor-arg index="0" ref="jdbcTemplate"/>
	</bean>	

	<bean id="accountDAO" class="com.htc.spring4.dao.AccountDAOImpl">
		<constructor-arg index="0" ref="jdbcTemplate"/>
	</bean>	

	<tx:advice id="txAdvice" transaction-manager="transactionManager">
		<tx:attributes>
			<tx:method name="deposit" rollback-for="java.lang.Exception" propagation="REQUIRED"/>
			<tx:method name="withdraw" rollback-for="java.lang.Exception" propagation="REQUIRED"/>
			<tx:method name="transferAmount" rollback-for="java.lang.Exception" propagation="REQUIRED"/>
		</tx:attributes>
	</tx:advice>

	<bean id="transactionManager" class="org.springframework.jdbc.datasource.DataSourceTransactionManager">
		<property name="dataSource" ref="dataSource"/>
	</bean>	
	
	<aop:config>
		<aop:pointcut id="loggingPointCut" expression="execution(* com.htc.spring4.dao.EmployeeDAOImpl.*(..))" />
		<aop:pointcut id="txPointCut" expression="execution(* com.htc.spring4.dao.AccountDAOImpl.*(..))" />		
		<aop:advisor pointcut-ref="loggingPointCut" advice-ref="loggingAspect"/>
		<aop:advisor pointcut-ref="txPointCut" advice-ref="txAdvice"/>	
	</aop:config>
	
	<bean class="org.springframework.context.support.PropertySourcesPlaceholderConfigurer">
        <property name="ignoreUnresolvablePlaceholders" value="true"/>
        <property name="locations">
          <list>
            <value>classpath:db.properties</value>
          </list>
        </property>
     </bean>
      
</beans>

