<?xml version="1.0" encoding="UTF-8"?>
<beans xmlns="http://www.springframework.org/schema/beans"
	   xmlns:xsi="http://www.w3.org/2001/XMLSchema-instance"
	   xsi:schemaLocation="http://www.springframework.org/schema/beans  http://www.springframework.org/schema/beans/spring-beans.xsd">

	<bean id="address" class="com.htc.spring4.beans.Address">
		<property name="doorno" value="D10"/>
		<property name="street" value="xyz street"/>
		<property name="city" value="chennai"/>
		<property name="pincode" value="600066"/>
	</bean>

	<bean id="student" class="com.htc.spring4.beans.Student" scope="singleton">
		<property name="rollno" value="456677"/>
		<property name="studentName" value="Ramesh Kumar"/>
		<property name="address" ref="address"/>
	</bean>
	
</beans>

